Place Name,State/Region,Best Time to Visit,Popular Attractions,Recommended Duration,Ideal Budget Range,Suitable for,Sample Itinerary
Taj Mahal,Uttar Pradesh,October to March,"Taj Mahal, Agra Fort, Mehtab Bagh",1-2 Days,₹3000 - ₹8000,"Family, Couples, History Enthusiasts","Day 1: Visit Taj Mahal in the morning, Agra Fort in the afternoon, Mehtab Bagh for sunset."
Jaipur,Rajasthan,October to March,"Amber Fort, City Palace, Hawa Mahal, Jantar Mantar",2-3 Days,₹5000 - ₹15000,"Family, History Enthusiasts, Photographers","Day 1: Amber Fort, Hawa Mahal. Day 2: City Palace, Jantar Mantar, local markets."
Goa,Goa,November to February,"Baga Beach, Dudhsagar Falls, Fort Aguada, Basilica of Bom Jesus",3-5 Days,₹8000 - ₹30000,"Beach Lovers, Party Enthusiasts, Couples","Day 1: Baga Beach, Fort Aguada. Day 2: Dudhsagar Falls, Basilica of Bom Jesus. Day 3: Watersports and beach hopping."
Manali,Himachal Pradesh,"March to June, December to February (for snow)","Solang Valley, Rohtang Pass, Hidimba Temple, Old Manali",3-4 Days,₹7000 - ₹20000,"Adventure Seekers, Honeymooners, Nature Lovers","Day 1: Hidimba Temple, Mall Road. Day 2: Solang Valley, adventure sports. Day 3: Rohtang Pass (seasonal)."
Kerala Backwaters,Kerala,September to March,"Alleppey, Kumarakom, Houseboat Stay",2-3 Days,₹8000 - ₹25000,"Couples, Nature Lovers, Relaxation","Day 1: Houseboat cruise in Alleppey. Day 2: Explore Kumarakom, bird watching."
Darjeeling,West Bengal,March to June,"Tiger Hill, Batasia Loop, Darjeeling Himalayan Railway",3-4 Days,₹7000 - ₹20000,"Nature Lovers, Families","Day 1: Explore tea gardens, Toy Train ride. Day 2: Visit Tiger Hill, Batasia Loop."
Rishikesh,Uttarakhand,September to April,"Lakshman Jhula, Triveni Ghat, River Rafting",2-3 Days,₹5000 - ₹15000,"Adventure Seekers, Spiritual Travelers","Day 1: River rafting, Lakshman Jhula. Day 2: Visit Triveni Ghat, yoga sessions."
Hampi,Karnataka,October to March,"Virupaksha Temple, Vittala Temple, Elephant Stables",2-3 Days,₹6000 - ₹15000,"History Enthusiasts, Backpackers","Day 1: Explore ruins, Virupaksha Temple. Day 2: Vittala Temple, Elephant Stables."
Mysore,Karnataka,October to February,"Mysore Palace, Chamundi Hill, Brindavan Gardens",2 Days,₹4000 - ₹12000,"Families, History Lovers","Day 1: Mysore Palace, Chamundi Hill. Day 2: Brindavan Gardens, St. Philomena’s Church."
Andaman & Nicobar,Andaman & Nicobar,November to April,"Radhanagar Beach, Cellular Jail, Scuba Diving",4-5 Days,₹15000 - ₹50000,"Beach Lovers, Adventure Seekers","Day 1: Cellular Jail, Radhanagar Beach. Day 2: Snorkeling, Scuba Diving."
Delhi,Delhi,October to March,"India Gate, Red Fort, Qutub Minar, Lotus Temple",3-4 Days,₹5000 - ₹20000,"History Buffs, Families, Couples","Day 1: Red Fort, Chandni Chowk. Day 2: Qutub Minar, Lotus Temple, India Gate."
Mumbai,Maharashtra,October to February,"Gateway of India, Marine Drive, Elephanta Caves",2-3 Days,₹7000 - ₹25000,"Urban Travelers, Foodies","Day 1: Gateway of India, Elephanta Caves. Day 2: Marine Drive, Juhu Beach."
Kolkata,West Bengal,October to March,"Victoria Memorial, Howrah Bridge, Dakshineswar Temple",2-3 Days,₹5000 - ₹15000,"Culture Enthusiasts, History Buffs","Day 1: Victoria Memorial, Howrah Bridge. Day 2: Dakshineswar Temple, local street food."
Chennai,Tamil Nadu,November to February,"Marina Beach, Kapaleeshwarar Temple, Fort St. George",2 Days,₹5000 - ₹12000,"Beach Lovers, Religious Travelers","Day 1: Marina Beach, Fort St. George. Day 2: Kapaleeshwarar Temple, shopping in T. Nagar."
Bangalore,Karnataka,October to February,"Lalbagh, Bangalore Palace, Cubbon Park",2 Days,₹6000 - ₹15000,"Tech Enthusiasts, Families","Day 1: Bangalore Palace, Lalbagh. Day 2: Cubbon Park, shopping at MG Road."
Udaipur,Rajasthan,October to March,"City Palace, Lake Pichola, Jag Mandir",2-3 Days,₹7000 - ₹20000,"Couples, History Buffs","Day 1: City Palace, Lake Pichola. Day 2: Jag Mandir, Fateh Sagar Lake."
Jaisalmer,Rajasthan,October to March,"Jaisalmer Fort, Sam Sand Dunes, Patwon Ki Haveli",2-3 Days,₹8000 - ₹20000,"Adventure Seekers, History Buffs","Day 1: Jaisalmer Fort, Patwon Ki Haveli. Day 2: Desert Safari at Sam Sand Dunes."
Shimla,Himachal Pradesh,"March to June, December to February","Mall Road, Kufri, Jakhoo Temple",3-4 Days,₹7000 - ₹20000,"Nature Lovers, Honeymooners","Day 1: Mall Road, Jakhoo Temple. Day 2: Kufri, local sightseeing."
Ooty,Tamil Nadu,October to June,"Ooty Lake, Botanical Gardens, Nilgiri Mountain Railway",2-3 Days,₹7000 - ₹18000,"Nature Lovers, Families","Day 1: Botanical Gardens, Nilgiri Mountain Railway. Day 2: Ooty Lake, Doddabetta Peak."
Ranthambore,Rajasthan,October to April,"Ranthambore National Park, Ranthambore Fort",2 Days,₹8000 - ₹25000,"Wildlife Enthusiasts, Photographers",Day 1: Safari in Ranthambore National Park. Day 2: Visit Ranthambore Fort.
Sundarbans,West Bengal,September to March,"Sundarbans National Park, Tiger Reserve",2-3 Days,₹10000 - ₹30000,"Nature Lovers, Wildlife Enthusiasts",Day 1: Mangrove forest boat safari. Day 2: Bird watching and eco-tourism activities.
Rameshwaram,Tamil Nadu,October to April,"Ramanathaswamy Temple, Dhanushkodi, Pamban Bridge",2 Days,₹5000 - ₹15000,"Religious Travelers, Pilgrims","Day 1: Visit Ramanathaswamy Temple, Pamban Bridge. Day 2: Explore Dhanushkodi."
